[
  {
    "Date": "1 Jan",
    "Day": "Wednesday",
    "Link": "/holidays/fun/polar-bear-plunge-day",
    "Fun": "Polar Bear Plunge Day"
  },
  {
    "Date": "2 Jan",
    "Day": "Thursday",
    "Link": "/holidays/fun/buffet-day",
    "Fun": "Buffet Day"
  },
  {
    "Date": "2 Jan",
    "Day": "Thursday",
    "Link": "/holidays/fun/run-it-up-the-flagpole-and-see-if-anyone-salutes-it-day",
    "Fun": "Run It up the Flagpole and See If Anyone Salutes It Day"
  },
  {
    "Date": "2 Jan",
    "Day": "Thursday",
    "Link": "/holidays/fun/science-fiction-day",
    "Fun": "Science Fiction Day"
  },
  {
    "Date": "3 Jan",
    "Day": "Friday",
    "Link": "/holidays/fun/fruitcake-toss-day",
    "Fun": "Fruitcake Toss Day"
  },
  {
    "Date": "3 Jan",
    "Day": "Friday",
    "Link": "/holidays/fun/festival-of-sleep-day",
    "Fun": "Festival of Sleep Day"
  },
  {
    "Date": "4 Jan",
    "Day": "Saturday",
    "Link": "/holidays/fun/trivia-day",
    "Fun": "Trivia Day"
  },
  {
    "Date": "5 Jan",
    "Day": "Sunday",
    "Link": "/holidays/fun/bird-day",
    "Fun": "Bird Day"
  },
  {
    "Date": "6 Jan",
    "Day": "Monday",
    "Link": "/holidays/fun/bean-day",
    "Fun": "Bean Day"
  },
  {
    "Date": "7 Jan",
    "Day": "Tuesday",
    "Link": "/holidays/fun/old-rock-day",
    "Fun": "Old Rock Day"
  },
  {
    "Date": "8 Jan",
    "Day": "Wednesday",
    "Link": "/holidays/fun/earths-rotation-day",
    "Fun": "Earth's Rotation Day"
  },
  {
    "Date": "9 Jan",
    "Day": "Thursday",
    "Link": "/holidays/fun/static-electricity-day",
    "Fun": "Static Electricity Day"
  },
  {
    "Date": "9 Jan",
    "Day": "Thursday",
    "Link": "/holidays/fun/word-nerd-day",
    "Fun": "Word Nerd Day"
  },
  {
    "Date": "10 Jan",
    "Day": "Friday",
    "Link": "/holidays/fun/cut-your-energy-costs-day",
    "Fun": "Cut Your Energy Costs Day"
  },
  {
    "Date": "11 Jan",
    "Day": "Saturday",
    "Link": "/holidays/fun/learn-your-name-in-morse-code-day",
    "Fun": "Learn Your Name in Morse Code Day"
  },
  {
    "Date": "12 Jan",
    "Day": "Sunday",
    "Link": "/holidays/fun/marzipan-day",
    "Fun": "Marzipan Day"
  },
  {
    "Date": "13 Jan",
    "Day": "Monday",
    "Link": "/holidays/fun/clean-off-your-desk-day",
    "Fun": "Clean Off Your Desk Day"
  },
  {
    "Date": "13 Jan",
    "Day": "Monday",
    "Link": "/holidays/fun/make-your-dreams-come-true-day",
    "Fun": "Make Your Dreams Come True Day"
  },
  {
    "Date": "14 Jan",
    "Day": "Tuesday",
    "Link": "/holidays/fun/organize-your-home-day",
    "Fun": "Organize Your Home Day"
  },
  {
    "Date": "15 Jan",
    "Day": "Wednesday",
    "Link": "/holidays/fun/strawberry-ice-cream-day",
    "Fun": "Strawberry Ice Cream Day"
  },
  {
    "Date": "15 Jan",
    "Day": "Wednesday",
    "Link": "/holidays/fun/bagel-and-lox-day",
    "Fun": "Bagel and Lox Day"
  },
  {
    "Date": "16 Jan",
    "Day": "Thursday",
    "Link": "/holidays/fun/nothing-day",
    "Fun": "Nothing Day"
  },
  {
    "Date": "17 Jan",
    "Day": "Friday",
    "Link": "/holidays/fun/benjamin-franklin-day",
    "Fun": "Benjamin Franklin Day"
  },
  {
    "Date": "17 Jan",
    "Day": "Friday",
    "Link": "/holidays/fun/kid-inventors-day",
    "Fun": "Kid Inventors' Day"
  },
  {
    "Date": "17 Jan",
    "Day": "Friday",
    "Link": "/holidays/fun/ditch-new-years-resolution-day",
    "Fun": "Ditch New Year's Resolution Day"
  },
  {
    "Date": "18 Jan",
    "Day": "Saturday",
    "Link": "/holidays/fun/soup-swap-day",
    "Fun": "Soup Swap Day"
  },
  {
    "Date": "18 Jan",
    "Day": "Saturday",
    "Link": "/holidays/fun/thesaurus-day",
    "Fun": "Thesaurus Day"
  },
  {
    "Date": "19 Jan",
    "Day": "Sunday",
    "Link": "/holidays/fun/tin-can-day",
    "Fun": "Tin Can Day"
  },
  {
    "Date": "19 Jan",
    "Day": "Sunday",
    "Link": "/holidays/fun/popcorn-day",
    "Fun": "Popcorn Day"
  },
  {
    "Date": "20 Jan",
    "Day": "Monday",
    "Link": "/holidays/fun/penguin-awareness-day",
    "Fun": "Penguin Awareness Day"
  },
  {
    "Date": "21 Jan",
    "Day": "Tuesday",
    "Link": "/holidays/fun/squirrel-appreciation-day",
    "Fun": "Squirrel Appreciation Day"
  },
  {
    "Date": "22 Jan",
    "Day": "Wednesday",
    "Link": "/holidays/fun/hot-sauce-day",
    "Fun": "Hot Sauce Day"
  },
  {
    "Date": "22 Jan",
    "Day": "Wednesday",
    "Link": "/holidays/fun/answer-your-cats-questions-day",
    "Fun": "Answer Your Cat's Questions Day"
  },
  {
    "Date": "23 Jan",
    "Day": "Thursday",
    "Link": "/holidays/fun/handwriting-day",
    "Fun": "Handwriting Day"
  },
  {
    "Date": "24 Jan",
    "Day": "Friday",
    "Link": "/holidays/fun/compliment-day",
    "Fun": "Compliment Day"
  },
  {
    "Date": "24 Jan",
    "Day": "Friday",
    "Link": "/holidays/fun/macintosh-computer-day",
    "Fun": "Macintosh Computer Day"
  },
  {
    "Date": "25 Jan",
    "Day": "Saturday",
    "Link": "/holidays/fun/opposite-day",
    "Fun": "Opposite Day"
  },
  {
    "Date": "26 Jan",
    "Day": "Sunday",
    "Link": "/holidays/fun/spouses-day",
    "Fun": "Spouse's Day"
  },
  {
    "Date": "27 Jan",
    "Day": "Monday",
    "Link": "/holidays/fun/chocolate-cake-day",
    "Fun": "Chocolate Cake Day"
  },
  {
    "Date": "27 Jan",
    "Day": "Monday",
    "Link": "/holidays/fun/e-day",
    "Fun": "e-Day"
  },
  {
    "Date": "28 Jan",
    "Day": "Tuesday",
    "Link": "/holidays/fun/data-privacy-day",
    "Fun": "Data Privacy Day"
  },
  {
    "Date": "28 Jan",
    "Day": "Tuesday",
    "Link": "/holidays/fun/fun-at-work-day",
    "Fun": "Fun at Work Day"
  },
  {
    "Date": "29 Jan",
    "Day": "Wednesday",
    "Link": "/holidays/fun/puzzle-day",
    "Fun": "Puzzle Day"
  },
  {
    "Date": "30 Jan",
    "Day": "Thursday",
    "Link": "/holidays/fun/croissant-day",
    "Fun": "Croissant Day"
  },
  {
    "Date": "31 Jan",
    "Day": "Friday",
    "Link": "/holidays/fun/backwards-day",
    "Fun": "Backwards Day"
  },
  {
    "Date": "1 Feb",
    "Day": "Saturday",
    "Link": "/holidays/fun/eat-ice-cream-for-breakfast-day",
    "Fun": "Eat Ice Cream for Breakfast Day"
  },
  {
    "Date": "2 Feb",
    "Day": "Sunday",
    "Link": "/holidays/fun/day-of-the-crepe",
    "Fun": "Day of the Crêpe"
  },
  {
    "Date": "2 Feb",
    "Day": "Sunday",
    "Link": "/holidays/fun/play-your-ukulele-day",
    "Fun": "Play Your Ukulele Day"
  },
  {
    "Date": "3 Feb",
    "Day": "Monday",
    "Link": "/holidays/fun/carrot-cake-day",
    "Fun": "Carrot Cake Day"
  },
  {
    "Date": "4 Feb",
    "Day": "Tuesday",
    "Link": "/holidays/fun/thank-your-mailman-day",
    "Fun": "Thank Your Mailman Day"
  },
  {
    "Date": "4 Feb",
    "Day": "Tuesday",
    "Link": "/holidays/fun/create-a-vacuum-day",
    "Fun": "Create a Vacuum Day"
  },
  {
    "Date": "4 Feb",
    "Day": "Tuesday",
    "Link": "/holidays/fun/stuffed-mushroom-day",
    "Fun": "Stuffed Mushroom Day"
  },
  {
    "Date": "5 Feb",
    "Day": "Wednesday",
    "Link": "/holidays/fun/national-weatherpersons-day",
    "Fun": "National Weatherperson's Day"
  },
  {
    "Date": "5 Feb",
    "Day": "Wednesday",
    "Link": "/holidays/fun/chocolate-fondue-day",
    "Fun": "Chocolate Fondue Day"
  },
  {
    "Date": "6 Feb",
    "Day": "Thursday",
    "Link": "/holidays/fun/lame-duck-day",
    "Fun": "Lame Duck Day"
  },
  {
    "Date": "7 Feb",
    "Day": "Friday",
    "Link": "/holidays/fun/e-day",
    "Fun": "e-Day"
  },
  {
    "Date": "7 Feb",
    "Day": "Friday",
    "Link": "/holidays/fun/work-naked-day",
    "Fun": "Work Naked Day"
  },
  {
    "Date": "7 Feb",
    "Day": "Friday",
    "Link": "/holidays/fun/send-a-card-to-a-friend-day",
    "Fun": "Send a Card to a Friend Day"
  },
  {
    "Date": "8 Feb",
    "Day": "Saturday",
    "Link": "/holidays/fun/laugh-and-get-rich-day",
    "Fun": "Laugh and Get Rich Day"
  },
  {
    "Date": "9 Feb",
    "Day": "Sunday",
    "Link": "/holidays/fun/toothache-day",
    "Fun": "Toothache Day"
  },
  {
    "Date": "9 Feb",
    "Day": "Sunday",
    "Link": "/holidays/fun/bagel-and-lox-day",
    "Fun": "Bagel and Lox Day"
  },
  {
    "Date": "10 Feb",
    "Day": "Monday",
    "Link": "/holidays/fun/umbrella-day",
    "Fun": "Umbrella Day"
  },
  {
    "Date": "10 Feb",
    "Day": "Monday",
    "Link": "/holidays/fun/clean-out-your-computer-day",
    "Fun": "Clean Out Your Computer Day"
  },
  {
    "Date": "11 Feb",
    "Day": "Tuesday",
    "Link": "/holidays/fun/make-a-friend-day",
    "Fun": "Make a Friend Day"
  },
  {
    "Date": "11 Feb",
    "Day": "Tuesday",
    "Link": "/holidays/fun/dont-cry-over-spilled-milk-day",
    "Fun": "Don't Cry Over Spilled Milk Day"
  },
  {
    "Date": "12 Feb",
    "Day": "Wednesday",
    "Link": "/holidays/fun/darwin-day",
    "Fun": "Darwin Day"
  },
  {
    "Date": "13 Feb",
    "Day": "Thursday",
    "Link": "/holidays/fun/world-radio-day",
    "Fun": "World Radio Day"
  },
  {
    "Date": "14 Feb",
    "Day": "Friday",
    "Link": "/holidays/fun/ferris-wheel-day",
    "Fun": "Ferris Wheel Day"
  },
  {
    "Date": "14 Feb",
    "Day": "Friday",
    "Link": "/holidays/fun/library-lovers-day",
    "Fun": "Library Lovers Day"
  },
  {
    "Date": "15 Feb",
    "Day": "Saturday",
    "Link": "/holidays/fun/gumdrop-day",
    "Fun": "Gumdrop Day"
  },
  {
    "Date": "16 Feb",
    "Day": "Sunday",
    "Link": "/holidays/fun/do-a-grouch-a-favor-day",
    "Fun": "Do a Grouch a Favor Day"
  },
  {
    "Date": "17 Feb",
    "Day": "Monday",
    "Link": "/holidays/fun/random-act-of-kindness-day",
    "Fun": "Random Act of Kindness Day"
  },
  {
    "Date": "18 Feb",
    "Day": "Tuesday",
    "Link": "/holidays/fun/battery-day",
    "Fun": "Battery Day"
  },
  {
    "Date": "19 Feb",
    "Day": "Wednesday",
    "Link": "/holidays/fun/chocolate-mint-day",
    "Fun": "Chocolate Mint Day"
  },
  {
    "Date": "22 Feb",
    "Day": "Saturday",
    "Link": "/holidays/fun/single-tasking-day",
    "Fun": "Single Tasking Day"
  },
  {
    "Date": "22 Feb",
    "Day": "Saturday",
    "Link": "/holidays/fun/be-humble-day",
    "Fun": "Be Humble Day"
  },
  {
    "Date": "22 Feb",
    "Day": "Saturday",
    "Link": "/holidays/fun/world-sword-swallowers-day",
    "Fun": "World Sword Swallowers Day"
  },
  {
    "Date": "23 Feb",
    "Day": "Sunday",
    "Link": "/holidays/fun/international-dog-biscuit-appreciation-day",
    "Fun": "International Dog Biscuit Appreciation Day"
  },
  {
    "Date": "24 Feb",
    "Day": "Monday",
    "Link": "/holidays/fun/tortilla-chip-day",
    "Fun": "Tortilla Chip Day"
  },
  {
    "Date": "26 Feb",
    "Day": "Wednesday",
    "Link": "/holidays/fun/pistachio-day",
    "Fun": "Pistachio Day"
  },
  {
    "Date": "26 Feb",
    "Day": "Wednesday",
    "Link": "/holidays/fun/tell-a-fairy-tale-day",
    "Fun": "Tell a Fairy Tale Day"
  },
  {
    "Date": "27 Feb",
    "Day": "Thursday",
    "Link": "/holidays/fun/international-polar-bear-day",
    "Fun": "International Polar Bear Day"
  },
  {
    "Date": "27 Feb",
    "Day": "Thursday",
    "Link": "/holidays/fun/no-brainer-day",
    "Fun": "No Brainer Day"
  },
  {
    "Date": "28 Feb",
    "Day": "Friday",
    "Link": "/holidays/fun/public-sleeping-day",
    "Fun": "Public Sleeping Day"
  },
  {
    "Date": "1 Mar",
    "Day": "Sunday",
    "Link": "/holidays/fun/world-compliment-day",
    "Fun": "World Compliment Day"
  },
  {
    "Date": "1 Mar",
    "Day": "Sunday",
    "Link": "/holidays/fun/plan-a-solo-vacation-day",
    "Fun": "Plan a Solo Vacation Day"
  },
  {
    "Date": "2 Mar",
    "Day": "Monday",
    "Link": "/holidays/fun/old-stuff-day",
    "Fun": "Old Stuff Day"
  },
  {
    "Date": "3 Mar",
    "Day": "Tuesday",
    "Link": "/holidays/fun/i-want-you-to-be-happy-day",
    "Fun": "I Want You to be Happy Day"
  },
  {
    "Date": "4 Mar",
    "Day": "Wednesday",
    "Link": "/holidays/fun/march-forth-and-do-something-day",
    "Fun": "March Forth and Do Something Day"
  },
  {
    "Date": "5 Mar",
    "Day": "Thursday",
    "Link": "/holidays/fun/learn-what-your-name-means-day",
    "Fun": "Learn What Your Name Means Day"
  },
  {
    "Date": "5 Mar",
    "Day": "Thursday",
    "Link": "/holidays/fun/cinco-de-marcho",
    "Fun": "Cinco de Marcho"
  },
  {
    "Date": "6 Mar",
    "Day": "Friday",
    "Link": "/holidays/fun/dentists-day",
    "Fun": "Dentist’s Day"
  },
  {
    "Date": "7 Mar",
    "Day": "Saturday",
    "Link": "/holidays/fun/alexander-graham-bell-day",
    "Fun": "Alexander Graham Bell Day"
  },
  {
    "Date": "8 Mar",
    "Day": "Sunday",
    "Link": "/holidays/fun/proofreading-day",
    "Fun": "Proofreading Day"
  },
  {
    "Date": "9 Mar",
    "Day": "Monday",
    "Link": "/holidays/fun/napping-day",
    "Fun": "Napping Day"
  },
  {
    "Date": "10 Mar",
    "Day": "Tuesday",
    "Link": "/holidays/fun/mario-day",
    "Fun": "Mario Day"
  },
  {
    "Date": "11 Mar",
    "Day": "Wednesday",
    "Link": "/holidays/fun/oatmeal-nut-waffle-day",
    "Fun": "Oatmeal Nut Waffle Day"
  },
  {
    "Date": "12 Mar",
    "Day": "Thursday",
    "Link": "/holidays/fun/alfred-hitchcock-day",
    "Fun": "Alfred Hitchcock Day"
  },
  {
    "Date": "13 Mar",
    "Day": "Friday",
    "Link": "/holidays/fun/jewel-day",
    "Fun": "Jewel Day"
  },
  {
    "Date": "14 Mar",
    "Day": "Saturday",
    "Link": "/holidays/fun/pi-day",
    "Fun": "Pi Day"
  },
  {
    "Date": "15 Mar",
    "Day": "Sunday",
    "Link": "/holidays/fun/every-thing-you-think-is-wrong-day",
    "Fun": "Everything You Think is Wrong Day"
  },
  {
    "Date": "16 Mar",
    "Day": "Monday",
    "Link": "/holidays/fun/every-thing-you-do-is-right-day",
    "Fun": "Every Thing You Do is Right Day"
  },
  {
    "Date": "17 Mar",
    "Day": "Tuesday",
    "Link": "/holidays/fun/submarine-day",
    "Fun": "Submarine Day"
  },
  {
    "Date": "18 Mar",
    "Day": "Wednesday",
    "Link": "/holidays/fun/awkward-moments-day",
    "Fun": "Awkward Moments Day"
  },
  {
    "Date": "19 Mar",
    "Day": "Thursday",
    "Link": "/holidays/fun/absolutely-incredible-kid-day",
    "Fun": "Absolutely Incredible Kid Day"
  },
  {
    "Date": "19 Mar",
    "Day": "Thursday",
    "Link": "/holidays/fun/lets-laugh-day",
    "Fun": "Let's Laugh Day"
  },
  {
    "Date": "20 Mar",
    "Day": "Friday",
    "Link": "/holidays/fun/world-storytelling-day",
    "Fun": "World Storytelling Day"
  },
  {
    "Date": "20 Mar",
    "Day": "Friday",
    "Link": "/holidays/fun/proposal-day",
    "Fun": "Proposal Day"
  },
  {
    "Date": "21 Mar",
    "Day": "Saturday",
    "Link": "/holidays/fun/common-courtesy-day",
    "Fun": "Common Courtesy Day"
  },
  {
    "Date": "22 Mar",
    "Day": "Sunday",
    "Link": "/holidays/fun/international-goof-off-day",
    "Fun": "International Goof Off Day"
  },
  {
    "Date": "23 Mar",
    "Day": "Monday",
    "Link": "/holidays/fun/puppy-day",
    "Fun": "Puppy Day"
  },
  {
    "Date": "23 Mar",
    "Day": "Monday",
    "Link": "/holidays/fun/near-miss-day",
    "Fun": "Near Miss Day"
  },
  {
    "Date": "24 Mar",
    "Day": "Tuesday",
    "Link": "/holidays/fun/chocolate-covered-raisins-day",
    "Fun": "Chocolate Covered Raisins Day"
  },
  {
    "Date": "25 Mar",
    "Day": "Wednesday",
    "Link": "/holidays/fun/waffle-day",
    "Fun": "Waffle Day"
  },
  {
    "Date": "25 Mar",
    "Day": "Wednesday",
    "Link": "/holidays/fun/tolkien-reading-day",
    "Fun": "Tolkien Reading Day"
  },
  {
    "Date": "26 Mar",
    "Day": "Thursday",
    "Link": "/holidays/fun/make-up-your-own-holiday-day",
    "Fun": "Make Up Your Own Holiday Day"
  },
  {
    "Date": "27 Mar",
    "Day": "Friday",
    "Link": "/holidays/fun/spanish-paella-day",
    "Fun": "Spanish Paella Day"
  },
  {
    "Date": "28 Mar",
    "Day": "Saturday",
    "Link": "/holidays/fun/something-on-a-stick-day",
    "Fun": "Something on a Stick Day"
  },
  {
    "Date": "29 Mar",
    "Day": "Sunday",
    "Link": "/holidays/fun/smoke-and-mirrors-day",
    "Fun": "Smoke and Mirrors Day"
  },
  {
    "Date": "30 Mar",
    "Day": "Monday",
    "Link": "/holidays/fun/take-a-walk-in-the-park-day",
    "Fun": "Take a Walk in the Park Day"
  },
  {
    "Date": "31 Mar",
    "Day": "Tuesday",
    "Link": "/holidays/fun/bunsen-burner-day",
    "Fun": "Bunsen Burner Day"
  },
  {
    "Date": "1 Apr",
    "Day": "Wednesday",
    "Link": "/holidays/fun/fun-at-work-day",
    "Fun": "Fun at Work Day"
  },
  {
    "Date": "3 Apr",
    "Day": "Friday",
    "Link": "/holidays/fun/world-party-day",
    "Fun": "World Party Day"
  },
  {
    "Date": "3 Apr",
    "Day": "Friday",
    "Link": "/holidays/fun/walk-to-work-day",
    "Fun": "Walk to Work Day"
  },
  {
    "Date": "4 Apr",
    "Day": "Saturday",
    "Link": "/holidays/fun/tell-a-lie-day",
    "Fun": "Tell a Lie Day"
  },
  {
    "Date": "5 Apr",
    "Day": "Sunday",
    "Link": "/holidays/fun/read-a-road-map-day",
    "Fun": "Read a Road Map Day"
  },
  {
    "Date": "5 Apr",
    "Day": "Sunday",
    "Link": "/holidays/fun/first-contact-day",
    "Fun": "First Contact Day"
  },
  {
    "Date": "6 Apr",
    "Day": "Monday",
    "Link": "/holidays/fun/sorry-charlie-day",
    "Fun": "Sorry Charlie Day"
  },
  {
    "Date": "10 Apr",
    "Day": "Friday",
    "Link": "/holidays/fun/siblings-day",
    "Fun": "Siblings Day"
  },
  {
    "Date": "11 Apr",
    "Day": "Saturday",
    "Link": "/holidays/fun/submarine-day",
    "Fun": "Submarine Day"
  },
  {
    "Date": "11 Apr",
    "Day": "Saturday",
    "Link": "/holidays/fun/barbershop-quartet-day",
    "Fun": "Barbershop Quartet Day"
  },
  {
    "Date": "12 Apr",
    "Day": "Sunday",
    "Link": "/holidays/fun/grilled-cheese-day",
    "Fun": "Grilled Cheese Day"
  },
  {
    "Date": "12 Apr",
    "Day": "Sunday",
    "Link": "/holidays/fun/yuris-night",
    "Fun": "Yuri's Night"
  },
  {
    "Date": "13 Apr",
    "Day": "Monday",
    "Link": "/holidays/fun/scrabble-day",
    "Fun": "Scrabble Day"
  },
  {
    "Date": "14 Apr",
    "Day": "Tuesday",
    "Link": "/holidays/fun/be-kind-to-lawyers-day",
    "Fun": "Be Kind to Lawyers Day"
  },
  {
    "Date": "14 Apr",
    "Day": "Tuesday",
    "Link": "/holidays/fun/international-moment-of-laughter-day",
    "Fun": "International Moment of Laughter Day"
  },
  {
    "Date": "14 Apr",
    "Day": "Tuesday",
    "Link": "/holidays/fun/reach-as-high-as-you-can-day",
    "Fun": "Reach as High as You Can Day"
  },
  {
    "Date": "14 Apr",
    "Day": "Tuesday",
    "Link": "/holidays/fun/look-up-the-sky-day",
    "Fun": "Look up the Sky Day"
  },
  {
    "Date": "16 Apr",
    "Day": "Thursday",
    "Link": "/holidays/fun/eggs-benedict-day",
    "Fun": "Eggs Benedict Day"
  },
  {
    "Date": "16 Apr",
    "Day": "Thursday",
    "Link": "/holidays/fun/wear-pajamas-to-work-day",
    "Fun": "Wear Pajamas to Work Day"
  },
  {
    "Date": "17 Apr",
    "Day": "Friday",
    "Link": "/holidays/fun/haiku-poetry-day",
    "Fun": "Haiku Poetry Day"
  },
  {
    "Date": "18 Apr",
    "Day": "Saturday",
    "Link": "/holidays/fun/columnist-day",
    "Fun": "Columnist Day"
  },
  {
    "Date": "20 Apr",
    "Day": "Monday",
    "Link": "/holidays/fun/look-alike-day",
    "Fun": "Look Alike Day"
  },
  {
    "Date": "22 Apr",
    "Day": "Wednesday",
    "Link": "/holidays/fun/jelly-bean-day",
    "Fun": "Jelly Bean Day"
  },
  {
    "Date": "23 Apr",
    "Day": "Thursday",
    "Link": "/holidays/fun/take-a-chance-day",
    "Fun": "Take a Chance Day"
  },
  {
    "Date": "23 Apr",
    "Day": "Thursday",
    "Link": "/holidays/fun/impossible-astronaut-day",
    "Fun": "Impossible Astronaut Day"
  },
  {
    "Date": "23 Apr",
    "Day": "Thursday",
    "Link": "/holidays/fun/lovers-day",
    "Fun": "Lover's Day"
  },
  {
    "Date": "23 Apr",
    "Day": "Thursday",
    "Link": "/holidays/fun/take-our-daughters-and-sons-to-work-day",
    "Fun": "Take Our Daughters and Sons to Work Day"
  },
  {
    "Date": "25 Apr",
    "Day": "Saturday",
    "Link": "/holidays/fun/dna-day",
    "Fun": "DNA Day"
  },
  {
    "Date": "26 Apr",
    "Day": "Sunday",
    "Link": "/holidays/fun/pretzel-day",
    "Fun": "Pretzel Day"
  },
  {
    "Date": "26 Apr",
    "Day": "Sunday",
    "Link": "/holidays/fun/richter-scale-day",
    "Fun": "Richter Scale Day"
  },
  {
    "Date": "26 Apr",
    "Day": "Sunday",
    "Link": "/holidays/fun/world-pinhole-photography-day",
    "Fun": "World Pinhole Photography Day"
  },
  {
    "Date": "29 Apr",
    "Day": "Wednesday",
    "Link": "/holidays/fun/zipper-day",
    "Fun": "Zipper Day"
  },
  {
    "Date": "30 Apr",
    "Day": "Thursday",
    "Link": "/holidays/fun/honesty-day",
    "Fun": "Honesty Day"
  },
  {
    "Date": "1 May",
    "Day": "Friday",
    "Link": "/holidays/fun/batman-day",
    "Fun": "Batman Day"
  },
  {
    "Date": "1 May",
    "Day": "Friday",
    "Link": "/holidays/fun/no-pants-day",
    "Fun": "No Pants Day"
  },
  {
    "Date": "1 May",
    "Day": "Friday",
    "Link": "/holidays/fun/space-day",
    "Fun": "Space Day"
  },
  {
    "Date": "2 May",
    "Day": "Saturday",
    "Link": "/holidays/fun/astronomy-day",
    "Fun": "Astronomy Day"
  },
  {
    "Date": "2 May",
    "Day": "Saturday",
    "Link": "/holidays/fun/herb-day",
    "Fun": "Herb Day"
  },
  {
    "Date": "2 May",
    "Day": "Saturday",
    "Link": "/holidays/fun/free-comic-book-day",
    "Fun": "Free Comic Book Day"
  },
  {
    "Date": "4 May",
    "Day": "Monday",
    "Link": "/holidays/fun/star-wars-day",
    "Fun": "Star Wars Day"
  },
  {
    "Date": "6 May",
    "Day": "Wednesday",
    "Link": "/holidays/fun/beverage-day",
    "Fun": "Beverage Day"
  },
  {
    "Date": "6 May",
    "Day": "Wednesday",
    "Link": "/holidays/fun/national-school-nurse-day",
    "Fun": "National School Nurse Day"
  },
  {
    "Date": "9 May",
    "Day": "Saturday",
    "Link": "/holidays/fun/europe-day",
    "Fun": "Europe Day"
  },
  {
    "Date": "9 May",
    "Day": "Saturday",
    "Link": "/holidays/fun/lost-sock-memorial-day",
    "Fun": "Lost Sock Memorial Day"
  },
  {
    "Date": "10 May",
    "Day": "Sunday",
    "Link": "/holidays/fun/clean-up-your-room-day",
    "Fun": "Clean Up Your Room Day"
  },
  {
    "Date": "11 May",
    "Day": "Monday",
    "Link": "/holidays/fun/twilight-zone-day",
    "Fun": "Twilight Zone Day"
  },
  {
    "Date": "11 May",
    "Day": "Monday",
    "Link": "/holidays/fun/eat-what-you-want-day",
    "Fun": "Eat What You Want Day"
  },
  {
    "Date": "12 May",
    "Day": "Tuesday",
    "Link": "/holidays/fun/limerick-day",
    "Fun": "Limerick Day"
  },
  {
    "Date": "13 May",
    "Day": "Wednesday",
    "Link": "/holidays/fun/frog-jumping-day",
    "Fun": "Frog Jumping Day"
  },
  {
    "Date": "14 May",
    "Day": "Thursday",
    "Link": "/holidays/fun/dance-like-a-chicken-day",
    "Fun": "Dance Like a Chicken Day"
  },
  {
    "Date": "15 May",
    "Day": "Friday",
    "Link": "/holidays/fun/chocolate-chip-day",
    "Fun": "Chocolate Chip Day"
  },
  {
    "Date": "15 May",
    "Day": "Friday",
    "Link": "/holidays/fun/pizza-party-day",
    "Fun": "Pizza Party Day"
  },
  {
    "Date": "17 May",
    "Day": "Sunday",
    "Link": "/holidays/fun/pack-rat-day",
    "Fun": "Pack Rat Day"
  },
  {
    "Date": "18 May",
    "Day": "Monday",
    "Link": "/holidays/fun/no-dirty-dishes-day",
    "Fun": "No Dirty Dishes Day"
  },
  {
    "Date": "19 May",
    "Day": "Tuesday",
    "Link": "/holidays/fun/may-ray-day",
    "Fun": "May Ray Day"
  },
  {
    "Date": "20 May",
    "Day": "Wednesday",
    "Link": "/holidays/fun/be-a-millionaire-day",
    "Fun": "Be a Millionaire Day"
  },
  {
    "Date": "21 May",
    "Day": "Thursday",
    "Link": "/holidays/fun/talk-like-yoda-day",
    "Fun": "Talk Like Yoda Day"
  },
  {
    "Date": "22 May",
    "Day": "Friday",
    "Link": "/holidays/fun/buy-a-musical-instrument-day",
    "Fun": "Buy a Musical Instrument Day"
  },
  {
    "Date": "24 May",
    "Day": "Sunday",
    "Link": "/holidays/fun/scavenger-hunt-day",
    "Fun": "Scavenger Hunt Day"
  },
  {
    "Date": "25 May",
    "Day": "Monday",
    "Link": "/holidays/fun/sing-out-day",
    "Fun": "Sing Out Day"
  },
  {
    "Date": "25 May",
    "Day": "Monday",
    "Link": "/holidays/fun/towel-day",
    "Fun": "Towel Day"
  },
  {
    "Date": "26 May",
    "Day": "Tuesday",
    "Link": "/holidays/fun/world-lindy-hop-day",
    "Fun": "World Lindy Hop Day"
  },
  {
    "Date": "27 May",
    "Day": "Wednesday",
    "Link": "/holidays/fun/sun-screen-day",
    "Fun": "Sun Screen Day"
  },
  {
    "Date": "28 May",
    "Day": "Thursday",
    "Link": "/holidays/fun/hamburger-day",
    "Fun": "Hamburger Day"
  },
  {
    "Date": "29 May",
    "Day": "Friday",
    "Link": "/holidays/fun/put-a-pillow-on-your-fridge-day",
    "Fun": "Put a Pillow on Your Fridge Day"
  },
  {
    "Date": "30 May",
    "Day": "Saturday",
    "Link": "/holidays/fun/my-buckets-got-a-hole-day",
    "Fun": "My Bucket's Got a Hole Day"
  },
  {
    "Date": "31 May",
    "Day": "Sunday",
    "Link": "/holidays/fun/macaroon-day",
    "Fun": "Macaroon Day"
  },
  {
    "Date": "1 Jun",
    "Day": "Monday",
    "Link": "/holidays/fun/say-something-nice-day",
    "Fun": "Say Something Nice Day"
  },
  {
    "Date": "2 Jun",
    "Day": "Tuesday",
    "Link": "/holidays/fun/leave-the-office-early-day",
    "Fun": "Leave the Office Early Day"
  },
  {
    "Date": "3 Jun",
    "Day": "Wednesday",
    "Link": "/holidays/fun/repeat-day",
    "Fun": "Repeat Day"
  },
  {
    "Date": "4 Jun",
    "Day": "Thursday",
    "Link": "/holidays/fun/hug-your-cat-day",
    "Fun": "Hug Your Cat Day"
  },
  {
    "Date": "5 Jun",
    "Day": "Friday",
    "Link": "/holidays/fun/national-doughnut-day",
    "Fun": "National Doughnut Day"
  },
  {
    "Date": "6 Jun",
    "Day": "Saturday",
    "Link": "/holidays/fun/drive-in-movie-day",
    "Fun": "Drive-In Movie Day"
  },
  {
    "Date": "7 Jun",
    "Day": "Sunday",
    "Link": "/holidays/fun/vcr-day",
    "Fun": "VCR Day"
  },
  {
    "Date": "8 Jun",
    "Day": "Monday",
    "Link": "/holidays/fun/best-friends-day",
    "Fun": "Best Friends Day"
  },
  {
    "Date": "9 Jun",
    "Day": "Tuesday",
    "Link": "/holidays/fun/donald-duck-day",
    "Fun": "Donald Duck Day"
  },
  {
    "Date": "10 Jun",
    "Day": "Wednesday",
    "Link": "/holidays/fun/iced-tea-day",
    "Fun": "Iced Tea Day"
  },
  {
    "Date": "11 Jun",
    "Day": "Thursday",
    "Link": "/holidays/fun/corn-on-the-cob-day",
    "Fun": "Corn on the Cob Day"
  },
  {
    "Date": "12 Jun",
    "Day": "Friday",
    "Link": "/holidays/fun/red-rose-day",
    "Fun": "Red Rose Day"
  },
  {
    "Date": "13 Jun",
    "Day": "Saturday",
    "Link": "/holidays/fun/sewing-machine-day",
    "Fun": "Sewing Machine Day"
  },
  {
    "Date": "14 Jun",
    "Day": "Sunday",
    "Link": "/holidays/fun/bourbon-day",
    "Fun": "Bourbon Day"
  },
  {
    "Date": "15 Jun",
    "Day": "Monday",
    "Link": "/holidays/fun/nature-photography-day",
    "Fun": "Nature Photography Day"
  },
  {
    "Date": "16 Jun",
    "Day": "Tuesday",
    "Link": "/holidays/fun/bloomsday",
    "Fun": "Bloomsday"
  },
  {
    "Date": "17 Jun",
    "Day": "Wednesday",
    "Link": "/holidays/fun/eat-your-vegetables-day",
    "Fun": "Eat Your Vegetables Day"
  },
  {
    "Date": "18 Jun",
    "Day": "Thursday",
    "Link": "/holidays/fun/international-picnic-day",
    "Fun": "International Picnic Day"
  },
  {
    "Date": "18 Jun",
    "Day": "Thursday",
    "Link": "/holidays/fun/international-panic-day",
    "Fun": "International Panic Day"
  },
  {
    "Date": "19 Jun",
    "Day": "Friday",
    "Link": "/holidays/fun/sauntering-day",
    "Fun": "Sauntering Day"
  },
  {
    "Date": "20 Jun",
    "Day": "Saturday",
    "Link": "/holidays/fun/world-juggling-day",
    "Fun": "World Juggling Day"
  },
  {
    "Date": "21 Jun",
    "Day": "Sunday",
    "Link": "/holidays/fun/daylight-appreciation-day",
    "Fun": "Daylight Appreciation Day"
  },
  {
    "Date": "22 Jun",
    "Day": "Monday",
    "Link": "/holidays/fun/onion-ring-day",
    "Fun": "Onion Ring Day"
  },
  {
    "Date": "23 Jun",
    "Day": "Tuesday",
    "Link": "/holidays/fun/typewriter-day",
    "Fun": "Typewriter Day"
  },
  {
    "Date": "24 Jun",
    "Day": "Wednesday",
    "Link": "/holidays/fun/swim-a-lap-day",
    "Fun": "Swim a Lap Day"
  },
  {
    "Date": "25 Jun",
    "Day": "Thursday",
    "Link": "/holidays/fun/please-take-my-children-to-work-day",
    "Fun": "Please Take my Children to Work Day"
  },
  {
    "Date": "26 Jun",
    "Day": "Friday",
    "Link": "/holidays/fun/take-your-dog-to-work-day",
    "Fun": "Take Your Dog to Work Day"
  },
  {
    "Date": "26 Jun",
    "Day": "Friday",
    "Link": "/holidays/fun/chocolate-pudding-day",
    "Fun": "Chocolate Pudding Day"
  },
  {
    "Date": "27 Jun",
    "Day": "Saturday",
    "Link": "/holidays/fun/helen-keller-day",
    "Fun": "Helen Keller Day"
  },
  {
    "Date": "28 Jun",
    "Day": "Sunday",
    "Link": "/holidays/fun/tau-day",
    "Fun": "Tau Day"
  },
  {
    "Date": "29 Jun",
    "Day": "Monday",
    "Link": "/holidays/fun/camera-day",
    "Fun": "Camera Day"
  },
  {
    "Date": "30 Jun",
    "Day": "Tuesday",
    "Link": "/holidays/fun/meteor-watch-day",
    "Fun": "Meteor Watch Day"
  },
  {
    "Date": "1 Jul",
    "Day": "Wednesday",
    "Link": "/holidays/fun/international-joke-day",
    "Fun": "International Joke Day"
  },
  {
    "Date": "2 Jul",
    "Day": "Thursday",
    "Link": "/holidays/fun/i-forgot-day",
    "Fun": "I Forgot Day"
  },
  {
    "Date": "2 Jul",
    "Day": "Thursday",
    "Link": "/holidays/fun/world-ufo-day",
    "Fun": "World UFO Day"
  },
  {
    "Date": "3 Jul",
    "Day": "Friday",
    "Link": "/holidays/fun/compliment-your-mirror-day",
    "Fun": "Compliment Your Mirror Day"
  },
  {
    "Date": "3 Jul",
    "Day": "Friday",
    "Link": "/holidays/fun/international-plastic-bag-free-day",
    "Fun": "International Plastic Bag Free Day"
  },
  {
    "Date": "4 Jul",
    "Day": "Saturday",
    "Link": "/holidays/fun/sidewalk-egg-frying-day",
    "Fun": "Sidewalk Egg Frying Day"
  },
  {
    "Date": "5 Jul",
    "Day": "Sunday",
    "Link": "/holidays/fun/workaholics-day",
    "Fun": "Workaholics Day"
  },
  {
    "Date": "6 Jul",
    "Day": "Monday",
    "Link": "/holidays/fun/world-kissing-day",
    "Fun": "World Kissing Day"
  },
  {
    "Date": "7 Jul",
    "Day": "Tuesday",
    "Link": "/holidays/fun/tell-the-truth-day",
    "Fun": "Tell the Truth Day"
  },
  {
    "Date": "8 Jul",
    "Day": "Wednesday",
    "Link": "/holidays/fun/video-games-day",
    "Fun": "Video Games Day"
  },
  {
    "Date": "8 Jul",
    "Day": "Wednesday",
    "Link": "/holidays/fun/math-2point0-day",
    "Fun": "Math 2.0 Day"
  },
  {
    "Date": "9 Jul",
    "Day": "Thursday",
    "Link": "/holidays/fun/sugar-cookie-day",
    "Fun": "Sugar Cookie Day"
  },
  {
    "Date": "10 Jul",
    "Day": "Friday",
    "Link": "/holidays/fun/teddy-bears-picnic-day",
    "Fun": "Teddy Bears' Picnic Day"
  },
  {
    "Date": "10 Jul",
    "Day": "Friday",
    "Link": "/holidays/fun/clerihew-day",
    "Fun": "Clerihew Day"
  },
  {
    "Date": "11 Jul",
    "Day": "Saturday",
    "Link": "/holidays/fun/cheer-up-the-lonely-day",
    "Fun": "Cheer Up the Lonely Day"
  },
  {
    "Date": "12 Jul",
    "Day": "Sunday",
    "Link": "/holidays/fun/simplicity-day",
    "Fun": "Simplicity Day"
  },
  {
    "Date": "13 Jul",
    "Day": "Monday",
    "Link": "/holidays/fun/embrace-your-geekness-day",
    "Fun": "Embrace Your Geekness Day"
  },
  {
    "Date": "14 Jul",
    "Day": "Tuesday",
    "Link": "/holidays/fun/pandemonium-day",
    "Fun": "Pandemonium Day"
  },
  {
    "Date": "15 Jul",
    "Day": "Wednesday",
    "Link": "/holidays/fun/gummi-worm-day",
    "Fun": "Gummi Worm Day"
  },
  {
    "Date": "16 Jul",
    "Day": "Thursday",
    "Link": "/holidays/fun/corn-fritters-day",
    "Fun": "Corn Fritters Day"
  },
  {
    "Date": "17 Jul",
    "Day": "Friday",
    "Link": "/holidays/fun/yellow-pig-day",
    "Fun": "Yellow Pig Day"
  },
  {
    "Date": "17 Jul",
    "Day": "Friday",
    "Link": "/holidays/fun/world-emoji-day",
    "Fun": "World Emoji Day"
  },
  {
    "Date": "18 Jul",
    "Day": "Saturday",
    "Link": "/holidays/fun/insurance-nerd-day",
    "Fun": "Insurance Nerd Day"
  },
  {
    "Date": "18 Jul",
    "Day": "Saturday",
    "Link": "/holidays/fun/caviar-day",
    "Fun": "Caviar Day"
  },
  {
    "Date": "19 Jul",
    "Day": "Sunday",
    "Link": "/holidays/fun/stick-out-your-tongue-day",
    "Fun": "Stick Out Your Tongue Day"
  },
  {
    "Date": "19 Jul",
    "Day": "Sunday",
    "Link": "/holidays/fun/ice-cream-day",
    "Fun": "Ice Cream Day"
  },
  {
    "Date": "20 Jul",
    "Day": "Monday",
    "Link": "/holidays/fun/space-exploration-day",
    "Fun": "Space Exploration Day"
  },
  {
    "Date": "21 Jul",
    "Day": "Tuesday",
    "Link": "/holidays/fun/junk-food-day",
    "Fun": "Junk Food Day"
  },
  {
    "Date": "22 Jul",
    "Day": "Wednesday",
    "Link": "/holidays/fun/pi-approximation-day",
    "Fun": "Pi Approximation Day"
  },
  {
    "Date": "23 Jul",
    "Day": "Thursday",
    "Link": "/holidays/fun/vanilla-ice-cream-day",
    "Fun": "Vanilla Ice Cream Day"
  },
  {
    "Date": "24 Jul",
    "Day": "Friday",
    "Link": "/holidays/fun/cousins-day",
    "Fun": "Cousins Day"
  },
  {
    "Date": "25 Jul",
    "Day": "Saturday",
    "Link": "/holidays/fun/culinarians-day",
    "Fun": "Culinarians Day"
  },
  {
    "Date": "26 Jul",
    "Day": "Sunday",
    "Link": "/holidays/fun/uncle-and-aunt-day",
    "Fun": "Uncle and Aunt Day"
  },
  {
    "Date": "27 Jul",
    "Day": "Monday",
    "Link": "/holidays/fun/take-your-pants-for-a-walk-day",
    "Fun": "Take your Pants for a Walk Day"
  },
  {
    "Date": "28 Jul",
    "Day": "Tuesday",
    "Link": "/holidays/fun/milk-chocolate-day",
    "Fun": "Milk Chocolate Day"
  },
  {
    "Date": "29 Jul",
    "Day": "Wednesday",
    "Link": "/holidays/fun/lasagna-day",
    "Fun": "Lasagna Day"
  },
  {
    "Date": "30 Jul",
    "Day": "Thursday",
    "Link": "/holidays/fun/national-cheesecake-day",
    "Fun": "National Cheesecake Day"
  },
  {
    "Date": "31 Jul",
    "Day": "Friday",
    "Link": "/holidays/fun/uncommon-musical-instrument-day",
    "Fun": "Uncommon Musical Instrument Day"
  },
  {
    "Date": "1 Aug",
    "Day": "Saturday",
    "Link": "/holidays/fun/girlfriends-day",
    "Fun": "National Girlfriend Day"
  },
  {
    "Date": "2 Aug",
    "Day": "Sunday",
    "Link": "/holidays/fun/ice-cream-sandwich-day",
    "Fun": "Ice Cream Sandwich Day"
  },
  {
    "Date": "2 Aug",
    "Day": "Sunday",
    "Link": "/holidays/fun/sisters-day",
    "Fun": "Sisters' Day"
  },
  {
    "Date": "3 Aug",
    "Day": "Monday",
    "Link": "/holidays/fun/watermelon-day",
    "Fun": "Watermelon Day"
  },
  {
    "Date": "4 Aug",
    "Day": "Tuesday",
    "Link": "/holidays/fun/single-working-womens-day",
    "Fun": "Single Working Women's Day"
  },
  {
    "Date": "5 Aug",
    "Day": "Wednesday",
    "Link": "/holidays/fun/work-like-a-dog-day",
    "Fun": "Work Like a Dog Day"
  },
  {
    "Date": "6 Aug",
    "Day": "Thursday",
    "Link": "/holidays/fun/fresh-breath-day",
    "Fun": "Fresh Breath Day"
  },
  {
    "Date": "7 Aug",
    "Day": "Friday",
    "Link": "/holidays/fun/lighthouse-day",
    "Fun": "Lighthouse Day"
  },
  {
    "Date": "7 Aug",
    "Day": "Friday",
    "Link": "/holidays/fun/international-beer-day",
    "Fun": "International Beer Day"
  },
  {
    "Date": "8 Aug",
    "Day": "Saturday",
    "Link": "/holidays/fun/happiness-happens-day",
    "Fun": "Happiness Happens Day"
  },
  {
    "Date": "9 Aug",
    "Day": "Sunday",
    "Link": "/holidays/fun/book-lovers-day",
    "Fun": "Book Lovers Day"
  },
  {
    "Date": "10 Aug",
    "Day": "Monday",
    "Link": "/holidays/fun/lazy-day",
    "Fun": "Lazy Day"
  },
  {
    "Date": "11 Aug",
    "Day": "Tuesday",
    "Link": "/holidays/fun/son-and-daughter-day",
    "Fun": "Son and Daughter Day"
  },
  {
    "Date": "12 Aug",
    "Day": "Wednesday",
    "Link": "/holidays/fun/middle-child-day",
    "Fun": "Middle Child Day"
  },
  {
    "Date": "13 Aug",
    "Day": "Thursday",
    "Link": "/holidays/fun/left-handers-day",
    "Fun": "Left-Handers Day"
  },
  {
    "Date": "14 Aug",
    "Day": "Friday",
    "Link": "/holidays/fun/creamsicle-day",
    "Fun": "Creamsicle Day"
  },
  {
    "Date": "15 Aug",
    "Day": "Saturday",
    "Link": "/holidays/fun/relaxation-day",
    "Fun": "Relaxation Day"
  },
  {
    "Date": "16 Aug",
    "Day": "Sunday",
    "Link": "/holidays/fun/tell-a-joke-day",
    "Fun": "Tell a Joke Day"
  },
  {
    "Date": "17 Aug",
    "Day": "Monday",
    "Link": "/holidays/fun/thrift-shop-day",
    "Fun": "Thrift Shop Day"
  },
  {
    "Date": "18 Aug",
    "Day": "Tuesday",
    "Link": "/holidays/fun/mail-order-catalog-day",
    "Fun": "Mail Order Catalog Day"
  },
  {
    "Date": "19 Aug",
    "Day": "Wednesday",
    "Link": "/holidays/fun/world-photo-day",
    "Fun": "World Photo Day"
  },
  {
    "Date": "20 Aug",
    "Day": "Thursday",
    "Link": "/holidays/fun/chocolate-pecan-pie-day",
    "Fun": "Chocolate Pecan Pie Day"
  },
  {
    "Date": "21 Aug",
    "Day": "Friday",
    "Link": "/holidays/fun/spumoni-day",
    "Fun": "Spumoni Day"
  },
  {
    "Date": "22 Aug",
    "Day": "Saturday",
    "Link": "/holidays/fun/be-an-angel-day",
    "Fun": "Be An Angel Day"
  },
  {
    "Date": "23 Aug",
    "Day": "Sunday",
    "Link": "/holidays/fun/ride-like-the-wind-day",
    "Fun": "Ride Like the Wind Day"
  },
  {
    "Date": "24 Aug",
    "Day": "Monday",
    "Link": "/holidays/fun/pluto-demoted-day",
    "Fun": "Pluto Demoted Day"
  },
  {
    "Date": "25 Aug",
    "Day": "Tuesday",
    "Link": "/holidays/fun/kiss-and-make-up-day",
    "Fun": "Kiss and Make up Day"
  },
  {
    "Date": "26 Aug",
    "Day": "Wednesday",
    "Link": "/holidays/fun/dog-appreciation-day",
    "Fun": "Dog Appreciation Day"
  },
  {
    "Date": "27 Aug",
    "Day": "Thursday",
    "Link": "/holidays/fun/the-duchess-who-wasnt-day",
    "Fun": "The Duchess Who Wasn't Day"
  },
  {
    "Date": "28 Aug",
    "Day": "Friday",
    "Link": "/holidays/fun/bow-tie-day",
    "Fun": "Bow Tie Day"
  },
  {
    "Date": "29 Aug",
    "Day": "Saturday",
    "Link": "/holidays/fun/according-to-hoyle-day",
    "Fun": "According to Hoyle Day"
  },
  {
    "Date": "30 Aug",
    "Day": "Sunday",
    "Link": "/holidays/fun/frankenstein-day",
    "Fun": "Frankenstein Day"
  },
  {
    "Date": "31 Aug",
    "Day": "Monday",
    "Link": "/holidays/fun/eat-outside-day",
    "Fun": "Eat Outside Day"
  },
  {
    "Date": "1 Sep",
    "Day": "Tuesday",
    "Link": "/holidays/fun/emma-nutt-day",
    "Fun": "Emma Nutt Day"
  },
  {
    "Date": "1 Sep",
    "Day": "Tuesday",
    "Link": "/holidays/fun/no-rhyme-or-reason-day",
    "Fun": "No Rhyme or Reason Day"
  },
  {
    "Date": "2 Sep",
    "Day": "Wednesday",
    "Link": "/holidays/fun/bison-ten-yell-day",
    "Fun": "Bison Ten Yell Day"
  },
  {
    "Date": "3 Sep",
    "Day": "Thursday",
    "Link": "/holidays/fun/skyscraper-day",
    "Fun": "Skyscraper Day"
  },
  {
    "Date": "4 Sep",
    "Day": "Friday",
    "Link": "/holidays/fun/eat-an-extra-dessert-day",
    "Fun": "Eat an Extra Dessert Day"
  },
  {
    "Date": "5 Sep",
    "Day": "Saturday",
    "Link": "/holidays/fun/be-late-for-something-day",
    "Fun": "Be Late for Something Day"
  },
  {
    "Date": "5 Sep",
    "Day": "Saturday",
    "Link": "/holidays/fun/cheese-pizza-day",
    "Fun": "Cheese Pizza Day"
  },
  {
    "Date": "6 Sep",
    "Day": "Sunday",
    "Link": "/holidays/fun/fight-procrastination-day",
    "Fun": "Fight Procrastination Day"
  },
  {
    "Date": "6 Sep",
    "Day": "Sunday",
    "Link": "/holidays/fun/read-a-book-day",
    "Fun": "Read a Book Day"
  },
  {
    "Date": "7 Sep",
    "Day": "Monday",
    "Link": "/holidays/fun/salami-day",
    "Fun": "Salami Day"
  },
  {
    "Date": "8 Sep",
    "Day": "Tuesday",
    "Link": "/holidays/fun/pardon-day",
    "Fun": "Pardon Day"
  },
  {
    "Date": "9 Sep",
    "Day": "Wednesday",
    "Link": "/holidays/fun/teddy-bear-day",
    "Fun": "Teddy Bear Day"
  },
  {
    "Date": "10 Sep",
    "Day": "Thursday",
    "Link": "/holidays/fun/swap-ideas-day",
    "Fun": "Swap Ideas Day"
  },
  {
    "Date": "11 Sep",
    "Day": "Friday",
    "Link": "/holidays/fun/make-your-bed-day",
    "Fun": "Make Your Bed Day"
  },
  {
    "Date": "12 Sep",
    "Day": "Saturday",
    "Link": "/holidays/fun/chocolate-milkshake-day",
    "Fun": "Chocolate Milkshake Day"
  },
  {
    "Date": "13 Sep",
    "Day": "Sunday",
    "Link": "/holidays/fun/positive-thinking-day",
    "Fun": "Positive Thinking Day"
  },
  {
    "Date": "13 Sep",
    "Day": "Sunday",
    "Link": "/holidays/fun/roald-dahl-day",
    "Fun": "Roald Dahl Day"
  },
  {
    "Date": "14 Sep",
    "Day": "Monday",
    "Link": "/holidays/fun/hug-your-hound-day",
    "Fun": "Hug Your Hound Day"
  },
  {
    "Date": "15 Sep",
    "Day": "Tuesday",
    "Link": "/holidays/fun/make-a-hat-day",
    "Fun": "Make a Hat Day"
  },
  {
    "Date": "16 Sep",
    "Day": "Wednesday",
    "Link": "/holidays/fun/collect-rocks-day",
    "Fun": "Collect Rocks Day"
  },
  {
    "Date": "16 Sep",
    "Day": "Wednesday",
    "Link": "/holidays/fun/guacamole-day",
    "Fun": "Guacamole Day"
  },
  {
    "Date": "17 Sep",
    "Day": "Thursday",
    "Link": "/holidays/fun/international-country-music-day",
    "Fun": "International Country Music Day"
  },
  {
    "Date": "18 Sep",
    "Day": "Friday",
    "Link": "/holidays/fun/rice-krispie-treat-day",
    "Fun": "Rice Krispie Treat Day"
  },
  {
    "Date": "19 Sep",
    "Day": "Saturday",
    "Link": "/holidays/fun/national-cleanup-day",
    "Fun": "National CleanUp Day"
  },
  {
    "Date": "19 Sep",
    "Day": "Saturday",
    "Link": "/holidays/fun/national-gymnastics-day",
    "Fun": "National Gymnastics Day"
  },
  {
    "Date": "19 Sep",
    "Day": "Saturday",
    "Link": "/holidays/fun/talk-like-a-pirate-day",
    "Fun": "International Talk Like a Pirate Day"
  },
  {
    "Date": "20 Sep",
    "Day": "Sunday",
    "Link": "/holidays/fun/punch-day",
    "Fun": "Punch Day"
  },
  {
    "Date": "21 Sep",
    "Day": "Monday",
    "Link": "/holidays/fun/miniature-golf-day",
    "Fun": "Miniature Golf Day"
  },
  {
    "Date": "22 Sep",
    "Day": "Tuesday",
    "Link": "/holidays/fun/hobbit-day",
    "Fun": "Hobbit Day"
  },
  {
    "Date": "23 Sep",
    "Day": "Wednesday",
    "Link": "/holidays/fun/checkers-day",
    "Fun": "Checkers Day"
  },
  {
    "Date": "24 Sep",
    "Day": "Thursday",
    "Link": "/holidays/fun/punctuation-day",
    "Fun": "Punctuation Day"
  },
  {
    "Date": "25 Sep",
    "Day": "Friday",
    "Link": "/holidays/fun/comic-book-day",
    "Fun": "Comic Book Day"
  },
  {
    "Date": "26 Sep",
    "Day": "Saturday",
    "Link": "/holidays/fun/astronomy-day",
    "Fun": "Astronomy Day"
  },
  {
    "Date": "26 Sep",
    "Day": "Saturday",
    "Link": "/holidays/fun/love-note-day",
    "Fun": "Love Note Day"
  },
  {
    "Date": "27 Sep",
    "Day": "Sunday",
    "Link": "/holidays/fun/crush-a-can-day",
    "Fun": "Crush a Can Day"
  },
  {
    "Date": "28 Sep",
    "Day": "Monday",
    "Link": "/holidays/fun/ask-a-stupid-question-day",
    "Fun": "Ask a Stupid Question Day"
  },
  {
    "Date": "28 Sep",
    "Day": "Monday",
    "Link": "/holidays/fun/good-neighbor-day",
    "Fun": "Good Neighbor Day"
  },
  {
    "Date": "30 Sep",
    "Day": "Wednesday",
    "Link": "/holidays/fun/hot-mulled-cider-day",
    "Fun": "Hot Mulled Cider Day"
  },
  {
    "Date": "1 Oct",
    "Day": "Thursday",
    "Link": "/holidays/fun/international-coffee-day",
    "Fun": "International Coffee Day"
  },
  {
    "Date": "1 Oct",
    "Day": "Thursday",
    "Link": "/holidays/fun/balloons-around-the-world-day",
    "Fun": "Balloons Around the World Day"
  },
  {
    "Date": "2 Oct",
    "Day": "Friday",
    "Link": "/holidays/fun/world-smile-day",
    "Fun": "World Smile Day"
  },
  {
    "Date": "2 Oct",
    "Day": "Friday",
    "Link": "/holidays/fun/phileas-fogg-wager-day",
    "Fun": "Phileas Fogg Wager Day"
  },
  {
    "Date": "3 Oct",
    "Day": "Saturday",
    "Link": "/holidays/fun/card-making-day",
    "Fun": "Card Making Day"
  },
  {
    "Date": "4 Oct",
    "Day": "Sunday",
    "Link": "/holidays/fun/taco-day",
    "Fun": "Taco Day"
  },
  {
    "Date": "5 Oct",
    "Day": "Monday",
    "Link": "/holidays/fun/chic-spy-day",
    "Fun": "Chic Spy Day"
  },
  {
    "Date": "6 Oct",
    "Day": "Tuesday",
    "Link": "/holidays/fun/mad-hatter-day",
    "Fun": "Mad Hatter Day"
  },
  {
    "Date": "7 Oct",
    "Day": "Wednesday",
    "Link": "/holidays/fun/frappe-day",
    "Fun": "Frappé Day"
  },
  {
    "Date": "8 Oct",
    "Day": "Thursday",
    "Link": "/holidays/fun/pierogi-day",
    "Fun": "Pierogi Day"
  },
  {
    "Date": "9 Oct",
    "Day": "Friday",
    "Link": "/holidays/fun/curious-events-day",
    "Fun": "Curious Events Day"
  },
  {
    "Date": "10 Oct",
    "Day": "Saturday",
    "Link": "/holidays/fun/handbag-day",
    "Fun": "Handbag Day"
  },
  {
    "Date": "11 Oct",
    "Day": "Sunday",
    "Link": "/holidays/fun/its-my-party-day",
    "Fun": "It's My Party Day"
  },
  {
    "Date": "12 Oct",
    "Day": "Monday",
    "Link": "/holidays/fun/old-farmers-day",
    "Fun": "Old Farmers Day"
  },
  {
    "Date": "13 Oct",
    "Day": "Tuesday",
    "Link": "/holidays/fun/international-skeptics-day",
    "Fun": "International Skeptics Day"
  },
  {
    "Date": "13 Oct",
    "Day": "Tuesday",
    "Link": "/holidays/fun/ada-lovelace-day",
    "Fun": "Ada Lovelace Day"
  },
  {
    "Date": "15 Oct",
    "Day": "Thursday",
    "Link": "/holidays/fun/i-love-lucy-day",
    "Fun": "I Love Lucy Day"
  },
  {
    "Date": "16 Oct",
    "Day": "Friday",
    "Link": "/holidays/fun/dictionary-day",
    "Fun": "Dictionary Day"
  },
  {
    "Date": "17 Oct",
    "Day": "Saturday",
    "Link": "/holidays/fun/sweetest-day",
    "Fun": "Sweetest Day"
  },
  {
    "Date": "17 Oct",
    "Day": "Saturday",
    "Link": "/holidays/fun/wear-something-gaudy-day",
    "Fun": "Wear Something Gaudy Day"
  },
  {
    "Date": "18 Oct",
    "Day": "Sunday",
    "Link": "/holidays/fun/chocolate-cupcake-day",
    "Fun": "Chocolate Cupcake Day"
  },
  {
    "Date": "19 Oct",
    "Day": "Monday",
    "Link": "/holidays/fun/national-clean-out-your-virtual-desktop-day",
    "Fun": "National Clean Out Your Virtual Desktop Day"
  },
  {
    "Date": "20 Oct",
    "Day": "Tuesday",
    "Link": "/holidays/fun/international-sloth-day",
    "Fun": "International Sloth Day"
  },
  {
    "Date": "21 Oct",
    "Day": "Wednesday",
    "Link": "/holidays/fun/count-your-buttons-day",
    "Fun": "Count your Buttons Day"
  },
  {
    "Date": "22 Oct",
    "Day": "Thursday",
    "Link": "/holidays/fun/caps-lock-day",
    "Fun": "Caps Lock Day"
  },
  {
    "Date": "23 Oct",
    "Day": "Friday",
    "Link": "/holidays/fun/mole-day",
    "Fun": "Mole Day"
  },
  {
    "Date": "24 Oct",
    "Day": "Saturday",
    "Link": "/holidays/fun/bologna-day",
    "Fun": "Bologna Day"
  },
  {
    "Date": "25 Oct",
    "Day": "Sunday",
    "Link": "/holidays/fun/sourest-day",
    "Fun": "Sourest Day"
  },
  {
    "Date": "26 Oct",
    "Day": "Monday",
    "Link": "/holidays/fun/howl-at-the-moon-day-and-night",
    "Fun": "Howl at the Moon Day and Night"
  },
  {
    "Date": "27 Oct",
    "Day": "Tuesday",
    "Link": "/holidays/fun/american-beer-day",
    "Fun": "American Beer Day"
  },
  {
    "Date": "28 Oct",
    "Day": "Wednesday",
    "Link": "/holidays/fun/international-animation-day",
    "Fun": "International Animation Day"
  },
  {
    "Date": "29 Oct",
    "Day": "Thursday",
    "Link": "/holidays/fun/internet-day",
    "Fun": "Internet Day"
  },
  {
    "Date": "30 Oct",
    "Day": "Friday",
    "Link": "/holidays/fun/candy-corn-day",
    "Fun": "Candy Corn Day"
  },
  {
    "Date": "31 Oct",
    "Day": "Saturday",
    "Link": "/holidays/fun/magic-day",
    "Fun": "Magic Day"
  },
  {
    "Date": "1 Nov",
    "Day": "Sunday",
    "Link": "/holidays/fun/authors-day",
    "Fun": "Author's Day"
  },
  {
    "Date": "1 Nov",
    "Day": "Sunday",
    "Link": "/holidays/fun/zero-tasking-day",
    "Fun": "Zero Tasking Day"
  },
  {
    "Date": "2 Nov",
    "Day": "Monday",
    "Link": "/holidays/fun/deviled-eggs-day",
    "Fun": "Deviled Eggs Day"
  },
  {
    "Date": "3 Nov",
    "Day": "Tuesday",
    "Link": "/holidays/fun/sandwich-day",
    "Fun": "Sandwich Day"
  },
  {
    "Date": "4 Nov",
    "Day": "Wednesday",
    "Link": "/holidays/fun/common-sense-day",
    "Fun": "Common Sense Day"
  },
  {
    "Date": "5 Nov",
    "Day": "Thursday",
    "Link": "/holidays/fun/men-make-dinner-day",
    "Fun": "Men Make Dinner Day"
  },
  {
    "Date": "5 Nov",
    "Day": "Thursday",
    "Link": "/holidays/fun/international-stout-day",
    "Fun": "International Stout Day"
  },
  {
    "Date": "6 Nov",
    "Day": "Friday",
    "Link": "/holidays/fun/saxophone-day",
    "Fun": "Saxophone Day"
  },
  {
    "Date": "7 Nov",
    "Day": "Saturday",
    "Link": "/holidays/fun/bittersweet-chocolate-with-almonds-day",
    "Fun": "Bittersweet Chocolate with Almonds Day"
  },
  {
    "Date": "8 Nov",
    "Day": "Sunday",
    "Link": "/holidays/fun/tongue-twister-day",
    "Fun": "Tongue Twister Day"
  },
  {
    "Date": "9 Nov",
    "Day": "Monday",
    "Link": "/holidays/fun/chaos-never-dies-day",
    "Fun": "Chaos Never Dies Day"
  },
  {
    "Date": "10 Nov",
    "Day": "Tuesday",
    "Link": "/holidays/fun/forget-me-not-day",
    "Fun": "Forget Me Not Day"
  },
  {
    "Date": "10 Nov",
    "Day": "Tuesday",
    "Link": "/holidays/fun/vanilla-cupcake-day",
    "Fun": "Vanilla Cupcake Day"
  },
  {
    "Date": "11 Nov",
    "Day": "Wednesday",
    "Link": "/holidays/fun/origami-day",
    "Fun": "Origami Day"
  },
  {
    "Date": "12 Nov",
    "Day": "Thursday",
    "Link": "/holidays/fun/happy-hour-day",
    "Fun": "Happy Hour Day"
  },
  {
    "Date": "13 Nov",
    "Day": "Friday",
    "Link": "/holidays/fun/world-kindness-day",
    "Fun": "World Kindness Day"
  },
  {
    "Date": "13 Nov",
    "Day": "Friday",
    "Link": "/holidays/fun/sadie-hawkins-day",
    "Fun": "Sadie Hawkins Day"
  },
  {
    "Date": "14 Nov",
    "Day": "Saturday",
    "Link": "/holidays/fun/spicy-guacamole-day",
    "Fun": "Spicy Guacamole Day"
  },
  {
    "Date": "14 Nov",
    "Day": "Saturday",
    "Link": "/holidays/fun/pickle-day",
    "Fun": "Pickle Day"
  },
  {
    "Date": "15 Nov",
    "Day": "Sunday",
    "Link": "/holidays/fun/clean-out-your-refrigerator-day",
    "Fun": "Clean Out Your Refrigerator Day"
  },
  {
    "Date": "16 Nov",
    "Day": "Monday",
    "Link": "/holidays/fun/fast-food-day",
    "Fun": "Fast Food Day"
  },
  {
    "Date": "17 Nov",
    "Day": "Tuesday",
    "Link": "/holidays/fun/take-a-hike-day",
    "Fun": "Take A Hike Day"
  },
  {
    "Date": "18 Nov",
    "Day": "Wednesday",
    "Link": "/holidays/fun/push-button-phone-day",
    "Fun": "Push Button Phone Day"
  },
  {
    "Date": "19 Nov",
    "Day": "Thursday",
    "Link": "/holidays/fun/use-less-stuff-day",
    "Fun": "Use Less Stuff Day"
  },
  {
    "Date": "20 Nov",
    "Day": "Friday",
    "Link": "/holidays/fun/national-absurdity-day",
    "Fun": "National Absurdity Day"
  },
  {
    "Date": "21 Nov",
    "Day": "Saturday",
    "Link": "/holidays/fun/world-hello-day",
    "Fun": "World Hello Day"
  },
  {
    "Date": "22 Nov",
    "Day": "Sunday",
    "Link": "/holidays/fun/go-for-a-ride-day",
    "Fun": "Go For a Ride Day"
  },
  {
    "Date": "23 Nov",
    "Day": "Monday",
    "Link": "/holidays/fun/fibonacci-day",
    "Fun": "Fibonacci Day"
  },
  {
    "Date": "24 Nov",
    "Day": "Tuesday",
    "Link": "/holidays/fun/celebrate-your-unique-talent-day",
    "Fun": "Celebrate Your Unique Talent Day"
  },
  {
    "Date": "25 Nov",
    "Day": "Wednesday",
    "Link": "/holidays/fun/shopping-reminder-day",
    "Fun": "Shopping Reminder Day"
  },
  {
    "Date": "26 Nov",
    "Day": "Thursday",
    "Link": "/holidays/fun/cake-day",
    "Fun": "Cake Day"
  },
  {
    "Date": "27 Nov",
    "Day": "Friday",
    "Link": "/holidays/fun/buy-nothing-day",
    "Fun": "Buy Nothing Day"
  },
  {
    "Date": "28 Nov",
    "Day": "Saturday",
    "Link": "/holidays/fun/red-planet-day",
    "Fun": "Red Planet Day"
  },
  {
    "Date": "29 Nov",
    "Day": "Sunday",
    "Link": "/holidays/fun/electronic-greeting-card-day",
    "Fun": "Electronic Greeting Card Day"
  },
  {
    "Date": "30 Nov",
    "Day": "Monday",
    "Link": "/holidays/fun/computer-security-day",
    "Fun": "Computer Security Day"
  },
  {
    "Date": "1 Dec",
    "Day": "Tuesday",
    "Link": "/holidays/fun/eat-a-red-apple-day",
    "Fun": "Eat a Red Apple Day"
  },
  {
    "Date": "2 Dec",
    "Day": "Wednesday",
    "Link": "/holidays/fun/fritters-day",
    "Fun": "Fritters Day"
  },
  {
    "Date": "3 Dec",
    "Day": "Thursday",
    "Link": "/holidays/fun/make-a-gift-day",
    "Fun": "Make a Gift Day"
  },
  {
    "Date": "4 Dec",
    "Day": "Friday",
    "Link": "/holidays/fun/wear-brown-shoes-day",
    "Fun": "Wear Brown Shoes Day"
  },
  {
    "Date": "5 Dec",
    "Day": "Saturday",
    "Link": "/holidays/fun/day-of-the-ninja",
    "Fun": "Day of the Ninja"
  },
  {
    "Date": "6 Dec",
    "Day": "Sunday",
    "Link": "/holidays/fun/put-on-you-own-shoes-day",
    "Fun": "Put on Your Own Shoes Day"
  },
  {
    "Date": "6 Dec",
    "Day": "Sunday",
    "Link": "/holidays/fun/microwave-oven-day",
    "Fun": "Microwave Oven Day"
  },
  {
    "Date": "7 Dec",
    "Day": "Monday",
    "Link": "/holidays/fun/letter-writing-day",
    "Fun": "Letter Writing Day"
  },
  {
    "Date": "8 Dec",
    "Day": "Tuesday",
    "Link": "/holidays/fun/pretend-to-be-a-time-traveler-day",
    "Fun": "Pretend to Be a Time Traveler Day"
  },
  {
    "Date": "9 Dec",
    "Day": "Wednesday",
    "Link": "/holidays/fun/christmas-card-day",
    "Fun": "Christmas Card Day"
  },
  {
    "Date": "10 Dec",
    "Day": "Thursday",
    "Link": "/holidays/fun/dewey-decimal-system-day",
    "Fun": "Dewey Decimal System Day"
  },
  {
    "Date": "10 Dec",
    "Day": "Thursday",
    "Link": "/holidays/fun/jane-addams-day",
    "Fun": "Jane Addams Day"
  },
  {
    "Date": "11 Dec",
    "Day": "Friday",
    "Link": "/holidays/fun/noodle-ring-day",
    "Fun": "Noodle Ring Day"
  },
  {
    "Date": "11 Dec",
    "Day": "Friday",
    "Link": "/holidays/fun/official-lost-and-found-day",
    "Fun": "Official Lost and Found Day"
  },
  {
    "Date": "12 Dec",
    "Day": "Saturday",
    "Link": "/holidays/fun/gingerbread-house-day",
    "Fun": "Gingerbread House Day"
  },
  {
    "Date": "14 Dec",
    "Day": "Monday",
    "Link": "/holidays/fun/monkey-day",
    "Fun": "Monkey Day"
  },
  {
    "Date": "16 Dec",
    "Day": "Wednesday",
    "Link": "/holidays/fun/pythagorean-theorem-day",
    "Fun": "Pythagorean Theorem Day"
  },
  {
    "Date": "16 Dec",
    "Day": "Wednesday",
    "Link": "/holidays/fun/chocolate-covered-anything-day",
    "Fun": "Chocolate Covered Anything Day"
  },
  {
    "Date": "17 Dec",
    "Day": "Thursday",
    "Link": "/holidays/fun/wright-brothers-day",
    "Fun": "Wright Brothers Day"
  },
  {
    "Date": "18 Dec",
    "Day": "Friday",
    "Link": "/holidays/fun/underdog-day",
    "Fun": "Underdog Day"
  },
  {
    "Date": "18 Dec",
    "Day": "Friday",
    "Link": "/holidays/fun/ugly-sweater-day",
    "Fun": "Ugly Sweater Day"
  },
  {
    "Date": "20 Dec",
    "Day": "Sunday",
    "Link": "/holidays/fun/sangria-day",
    "Fun": "Sangria Day"
  },
  {
    "Date": "21 Dec",
    "Day": "Monday",
    "Link": "/holidays/fun/international-dalek-remembrance-day",
    "Fun": "International Dalek Remembrance Day"
  },
  {
    "Date": "22 Dec",
    "Day": "Tuesday",
    "Link": "/holidays/fun/Date-nut-bread-day",
    "Fun": "Date Nut Bread Day"
  },
  {
    "Date": "23 Dec",
    "Day": "Wednesday",
    "Link": "/holidays/fun/festivus",
    "Fun": "Festivus"
  },
  {
    "Date": "24 Dec",
    "Day": "Thursday",
    "Link": "/holidays/fun/eggnog-day",
    "Fun": "Eggnog Day"
  },
  {
    "Date": "25 Dec",
    "Day": "Friday",
    "Link": "/holidays/fun/grav-mass-day",
    "Fun": "Grav Mass Day"
  },
  {
    "Date": "25 Dec",
    "Day": "Friday",
    "Link": "/holidays/fun/aphabet-or-no-l-day",
    "Fun": "A'phabet Day or No 'L' Day"
  },
  {
    "Date": "26 Dec",
    "Day": "Saturday",
    "Link": "/holidays/fun/thank-you-note-day",
    "Fun": "Thank You Note Day"
  },
  {
    "Date": "27 Dec",
    "Day": "Sunday",
    "Link": "/holidays/fun/no-interruptions-day",
    "Fun": "No Interruptions Day"
  },
  {
    "Date": "28 Dec",
    "Day": "Monday",
    "Link": "/holidays/fun/card-playing-day",
    "Fun": "Card Playing Day"
  },
  {
    "Date": "29 Dec",
    "Day": "Tuesday",
    "Link": "/holidays/fun/pepper-pot-day",
    "Fun": "Pepper Pot Day"
  },
  {
    "Date": "30 Dec",
    "Day": "Wednesday",
    "Link": "/holidays/fun/bicarbonate-of-soda-day",
    "Fun": "Bicarbonate of Soda Day"
  },
  {
    "Date": "31 Dec",
    "Day": "Thursday",
    "Link": "/holidays/fun/make-up-your-mind-day",
    "Fun": "Make Up Your Mind Day"
  }
]
